id,parent_id,title,content_type,content,image_url,has_subtopics
main,null,‚öúÔ∏è –ì–æ–ª–æ–≤–Ω–µ –º–µ–Ω—é,menu,"–û–±–µ—Ä—ñ—Ç—å —Ä–æ–∑–¥—ñ–ª –¥–ª—è –≤–∏–≤—á–µ–Ω–Ω—è –ø—Ä–∞–≤–∏–ª *–ü–ª–∞—Å—Ç–æ–≤–æ–≥–æ –æ–¥–Ω–æ—Å—Ç—Ä–æ—é* —Ç–∞ –π–æ–≥–æ –≤–ø–æ—Ä—è–¥–∫—É–≤–∞–Ω–Ω—è:",null,TRUE
start_intro,null,üëã –í—Å—Ç—É–ø,text,"–°–ö–û–ë! –ü—Ä–∏–≤—ñ—Ç –¥—Ä—É–∂–µ —á–∏ –ø–æ–¥—Ä—É–≥–æ!\n\n–•–æ—á–µ—à –¥–µ—Ç–∞–ª—å–Ω–æ –≤–∏–≤—á–∏—Ç–∏ —Ç–µ–º—É –æ–¥–Ω–æ—Å—Ç—Ä–æ—é —Ç–∞ –∑–∞–≤–∂–¥–∏ –º–∞—Ç–∏ –≤—Å–µ —ñ–¥–µ–∞–ª—å–Ω–æ –ø—Ä–∏—à–∏—Ç–∏–º, –∞–ª–µ –Ω–µ –º–æ–∂–µ—à –∑–Ω–∞–π—Ç–∏ –Ω–µ–æ–±—Ö—ñ–¥–Ω—É —ñ–Ω—Ñ–æ—Ä–º–∞—Ü—ñ—é –≤ –ø—Ä–∞–≤–∏–ª—å–Ω–∏–∫—É?\n–ú–∞—é –¥–ª—è —Ç–µ–±–µ —Ö–æ—Ä–æ—à—ñ –Ω–æ–≤–∏–Ω–∏, –∞–¥–∂–µ –¥–ª—è –≤–∏—Ä—ñ—à–µ–Ω–Ω—è —Ü—ñ—î—ó –ø—Ä–æ–±–ª–µ–º–∏ –±—É–≤ —Å—Ç–≤–æ—Ä–µ–Ω–∏–π —Ü–µ–π –±–æ—Ç. –¢—É—Ç —Ç–∏ –º–æ–∂–µ—à –∑–Ω–∞–π—Ç–∏ –¥–µ—Ç–∞–ª—å–Ω—É —ñ–Ω—Ñ–æ—Ä–º–∞—Ü—ñ—é –ø—Ä–æ –≤—Å—ñ –µ–ª–µ–º–µ–Ω—Ç–∏ –æ–¥–Ω–æ—Å—Ç—Ä–æ—é, –∞ —Ç–∞–∫–æ–∂ –¥—É–∂–µ –ø—Ä–æ—Å—Ç–æ –≤–∏–∫–ª–∞–¥–µ–Ω—ñ –æ—Å–Ω–æ–≤–Ω—ñ –ø—Ä–∞–≤–∏–ª–∞, –≤ —Ä–æ–∑–¥—ñ–ª—ñ ¬´–Ø —á–∞–π–Ω–∏–∫¬ª.\n\n–ü–∏—Ç–∞–Ω–Ω—è, –ø—Ä–æ–ø–æ–∑–∏—Ü—ñ—ó, –ø–æ–≥—Ä–æ–∑–∏: @angrybandera",null,FALSE
odnostriy,main,üëï –û–¥–Ω–æ—Å—Ç—Ä—ñ–π,menu,"–û–±–µ—Ä—ñ—Ç—å –≤—ñ–¥–ø–æ–≤—ñ–¥–Ω–∏–π *–£–ª–∞–¥* (–≤—ñ–∫–æ–≤—É –≥—Ä—É–ø—É) –¥–ª—è –ø–µ—Ä–µ–≥–ª—è–¥—É –¥–µ—Ç–∞–ª–µ–π:",null,TRUE
vidznaky,main,üéñÔ∏è –í—ñ–¥–∑–Ω–∞–∫–∏,menu,"–û–±–µ—Ä—ñ—Ç—å –∫–∞—Ç–µ–≥–æ—Ä—ñ—é –¥–ª—è –¥–µ—Ç–∞–ª—å–Ω–æ–≥–æ –≤–∏–≤—á–µ–Ω–Ω—è –≤–∏–≥–ª—è–¥—É —Ç–∞ –ø—Ä–∞–≤–∏–ª –Ω–æ—à–µ–Ω–Ω—è:",null,TRUE
dummies,main,üí° –î–ª—è —á–∞–π–Ω–∏–∫—ñ–≤,menu,"–ü—Ä–æ—Å—Ç—ñ –ø–æ–∫—Ä–æ–∫–æ–≤—ñ —ñ–Ω—Å—Ç—Ä—É–∫—Ü—ñ—ó: *—è–∫ —ñ –∫—É–¥–∏ –ø—Ä–∏—à–∏–≤–∞—Ç–∏ –≤—ñ–¥–∑–Ω–∞–∫–∏*:",null,TRUE
unif_ptashata,odnostriy,üê£ –ü—Ç–∞—à–∞—Ç–∞,text,"**–û–¥–Ω–æ—Å—Ç—Ä—ñ–π –ø—Ç–∞—à–∞—Ç–∫–∞**:\n\n- –°–∫–ª–∞–¥–∞—î—Ç—å—Å—è –∑ –±—ñ–ª–æ—ó —Ö—É—Å—Ç–∫–∏ —Ç–∞ –±–ª–∞–∫–∏—Ç–Ω–æ—ó –±–µ–∑—Ä—É–∫–∞–≤–∫–∏.\n- –ù–∞ –±–µ–∑—Ä—É–∫–∞–≤–∫—É –ø—Ä–∏—à–∏–≤–∞—é—Ç—å—Å—è –≤—ñ–¥–∑–Ω–∞—á–∫–∏.\n\n_–ü—Ä–∏–º—ñ—Ç–∫–∞:_ –û—Å–∫—ñ–ª—å–∫–∏ —Ü–µ–π —É–ª–∞–¥ —î –∞–ø—Ä–æ–±–∞—Ü—ñ–π–Ω–∏–º, –ø—Ä–∞–≤–∏–ª—å–Ω–∏–∫–æ–º —Ü–µ–π —Ç–∏–ø –æ–¥–Ω–æ—Å—Ç—Ä–æ—é –Ω–∞—Ä–∞–∑—ñ –Ω–µ –ø–µ—Ä–µ–¥–±–∞—á–µ–Ω–∏–π.",null,FALSE
unif_novatstvo,odnostriy,üêæ –û–¥–Ω–æ—Å—Ç—Ä—ñ–π –Ω–æ–≤–∞–∫–∞/—á–∫–∏,menu,"–û–±–µ—Ä—ñ—Ç—å —Å—Ç–∞—Ç—å –¥–ª—è –ø–µ—Ä–µ–≥–ª—è–¥—É –ø–µ—Ä–µ–ª—ñ–∫—É –µ–ª–µ–º–µ–Ω—Ç—ñ–≤:",null,TRUE
unif_novak,unif_novatstvo,üë¶ –ù–æ–≤–∞–∫,text,"**–ï–ª–µ–º–µ–Ω—Ç–∏ –æ–¥–Ω–æ—Å—Ç—Ä–æ—é –Ω–æ–≤–∞–∫–∞**:\n\n- –ë–µ—Ä–µ—Ç–∫–∞.\n- –ó–µ–ª–µ–Ω–∞ —Å–æ—Ä–æ—á–∫–∞.\n- –ñ–æ–≤—Ç–∞ —Ö—É—Å—Ç–∏–Ω–∞ 50—Ö50 —Å–º.\n- –¢—Ä–∏–∫–æ–ª—ñ—Ä–Ω–∏–π –ø–ª–µ—Ç–µ–Ω–∏–π –æ–±—Ä—É—á–æ–∫.\n- –ó–µ–ª–µ–Ω—ñ —à–æ—Ä—Ç–∏ (—à—Ç–∞–Ω–∏ –∑–∏–º–æ—é).\n- –ü–æ—è—Å –∑ –º–µ—Ç–∞–ª–µ–≤–æ—é –ø—Ä—è–∂–∫–æ—é –∑ –ø–ª–∞—Å—Ç–æ–≤–æ—é –ª—ñ–ª–µ—î—é.\n- –®–Ω—É—Ä–æ–≤–∞–Ω—ñ —á–µ—Ä–µ–≤–∏–∫–∏ —á–æ—Ä–Ω—ñ –∞–±–æ –±—Ä–æ–Ω–∑–æ–≤—ñ.\n- –ó–µ–ª–µ–Ω—ñ —à—Ç—É—Ü–∏.\n- –ó–µ–ª–µ–Ω–∏–π —à–Ω—É—Ä–∏–∫ —Ç–∞ —Å–≤–∏—â–∏–∫.",https://raw.githubusercontent.com/AngryBandera/PlastPravylnykBot/main/images/boy_odnostriy.png,TRUE
unif_novak_extra,unif_novak,üìå –í–∏—Ç—è–≥: –¥–æ–¥–∞—Ç–∫–æ–≤—ñ –µ–ª–µ–º–µ–Ω—Ç–∏,text,"**–í–∏—Ç—è–≥ –∑ –ø—Ä–∞–≤–∏–ª—å–Ω–∏–∫–∞ –æ–¥–Ω–æ—Å—Ç—Ä–æ—é –ø—Ä–æ –¥–æ–¥–∞—Ç–∫–æ–≤—ñ –µ–ª–µ–º–µ–Ω—Ç–∏ –æ–¥–Ω–æ—Å—Ç—Ä–æ—é:**\n\n_–í–ª—ñ—Ç–∫—É: —Å–≤–µ—Ç—Ä, –≤—ñ—Ç—Ä—ñ–≤–∫–∞, –¥–æ—â–æ–≤–∏–∫ –∞–±–æ —Ç.–∑–≤. ¬´–ø–∞–Ω—á–æ¬ª, –≤—Å–µ —Ç–µ –±–∞—Ä–≤–∏, –∑–±–ª–∏–∂–µ–Ω–æ—ó –¥–æ –±–∞—Ä–≤–∏ –æ–¥–Ω–æ—Å—Ç—Ä–æ—é.\n–í –∑–∏–º—ñ: —Ç–µ–ø–ª–∞ –∫—É—Ä—Ç–∫–∞ –±–∞—Ä–≤–∏, –∑–±–ª–∏–∂–µ–Ω–æ—ó –¥–æ –±–∞—Ä–≤–∏ –æ–¥–Ω–æ—Å—Ç—Ä–æ—é, –≤–æ–≤–Ω—è–Ω—ñ –∞–±–æ —à–∫—ñ—Ä—è–Ω—ñ —Ä—É–∫–∞–≤–∏—Ü—ñ.\n–ù–∞ –ª–µ—â–∞—Ç–∞ –æ–±–æ–≤'—è–∑—É—î —Ç–∞–∫–∏–π –æ–¥–Ω–æ—Å—Ç—Ä—ñ–π: –ø–ª–∞—Å—Ç–æ–≤–∞ —Å–æ—Ä–æ—á–∫–∞, –≥—Ä–∞–Ω–∞—Ç–æ–≤—ñ –∞–±–æ —á–æ—Ä–Ω—ñ –ª–µ—â–µ—Ç–∞—Ä—Å—å–∫—ñ —à—Ç–∞–Ω–∏, –ª–µ—â–µ—Ç–∞—Ä—Å—å–∫—ñ —á–µ—Ä–µ–≤–∏–∫–∏, –≤—ñ—Ç—Ä—ñ–≤–∫–∞ –π —Ä—É–∫–∞–≤–∏—Ü—ñ._",null,FALSE
unif_novak_training,unif_novak,üèÉ –í–∏—Ç—è–≥: –æ–¥–Ω–æ—Å—Ç—Ä—ñ–π –¥–ª—è –∑–∞–Ω—è—Ç—å,text,"**–í–∏—Ç—è–≥ –∑ –ø—Ä–∞–≤–∏–ª—å–Ω–∏–∫–∞ –æ–¥–Ω–æ—Å—Ç—Ä–æ—é –ø—Ä–æ –æ–¥–Ω–æ—Å—Ç—Ä—ñ–π –¥–ª—è –ø–ª–∞—Å—Ç–æ–≤–∏—Ö –∑–∞–Ω—è—Ç—å:**\n\n**–∞) —Å–ø–æ—Ä—Ç–∏–≤–Ω–∏—Ö:** –±—ñ–ª–∞ —Ç—Ä–∏–∫–æ—Ç–æ–≤–∞ —Å–æ—Ä–æ—á–∏–Ω–∫–∞ –∑ –∫–æ—Ä–æ—Ç–∫–∏–º–∏ —Ä—É–∫–∞–≤–∞–º–∏ —ñ –∫—Ä—É–≥–ª–∏–º –≤–∏—Ä—ñ–∑–æ–º –¥–æ–≤–∫—Ä—É–≥–∏ —à–∏—ó, —Å–ø–æ—Ä—Ç–∏–≤–Ω—ñ —à—Ç–∞–Ω—è—Ç–∞ “ë—Ä–∞–Ω–∞—Ç–æ–≤–æ—ó –±–∞—Ä–≤–∏, –±—ñ–ª—ñ —à–∫–∞—Ä–ø–µ—Ç–∫–∏ —ñ –±—ñ–ª—ñ —Ç–µ–Ω—ñ—Å—ñ–≤–∫–∏.\n\n**–±) —Ç–∞–±–æ—Ä–æ–≤–∏—Ö:** –ª–µ–≥–∫–∏–π –ø–æ–ª–æ—Ç–Ω—è–Ω–∏–π –∫–∞–ø–µ–ª—é—à–æ–∫ –∞–±–æ —à–∞–ø–æ—á–∫–∞, –ª–µ–≥–∫–∞ –ø–æ–ª–æ—Ç–Ω—è–Ω–∞ —Å–æ—Ä–æ—á–∫–∞-–±–ª—é–∑–∫–∞, –∫–æ—Ä–æ—Ç–∫—ñ –¥–æ –∫–æ–ª—ñ–Ω —Å–ø–æ—Ä—Ç–æ–≤—ñ —à—Ç–∞–Ω—Ü—è—Ç–∞, –¥–æ–≤–≥—ñ –ø–æ–ª–æ—Ç–Ω—è–Ω—ñ —à—Ç–∞–Ω–∏, —Å–∞–Ω–¥–∞–ª—ñ –∞–±–æ —Ç–µ–Ω—ñ—Å—ñ–≤–∫–∏, —à—Ç–∞–Ω—Ü—ñ –¥–ª—è –∫—É–ø–µ–ª—ñ.\n\n**–≤) –Ω–∞ –≤–æ–¥—ñ:** –±—ñ–ª–∞ –ø–æ–ª–æ—Ç–Ω—è–Ω–∞ –º–æ—Ä—Å—å–∫–∞ —à–∞–ø–∫–∞ –∑ –∫—Ä–∏—Å–∞–º–∏ –¥–æ–≥–æ—Ä–∏, –±—ñ–ª—ñ —à–∫–∞—Ä–ø–µ—Ç–∫–∏ —ñ –±—ñ–ª—ñ —Ç–µ–Ω—ñ—Å—ñ–≤–∫–∏.",null,FALSE
unif_novachka,unif_novatstvo,üëß –ù–æ–≤–∞—á–∫–∞,text,"**–ï–ª–µ–º–µ–Ω—Ç–∏ –æ–¥–Ω–æ—Å—Ç—Ä–æ—é –Ω–æ–≤–∞—á–∫–∏**:\n\n- –ë—Ä–æ–Ω–∑–æ–≤–∞ –±–µ—Ä–µ—Ç–∫–∞ –∑ –∫–æ—Å–∏—á–∫–æ—é.\n- –ü—ñ—Å–∫–æ–≤–∞ —Å–æ—Ä–æ—á–∫–∞.\n- –ë–µ–∑—Ä—É–∫–∞–≤–Ω–∏–∫ –∞–±–æ —Å—É–∫–æ–Ω–æ—á–∫–∞ (–≤–ª—ñ—Ç–∫—É).\n- –®–æ—Ä—Ç–∏-—Å–ø—ñ–¥–Ω–∏—á–∫–∞ –∞–±–æ –±—Ä–æ–Ω–∑–æ–≤—ñ —à—Ç–∞–Ω–∏.\n- –ñ–æ–≤—Ç–∞ —Ö—É—Å—Ç–∫–∞ 50—Ö50 —Å–º.\n- –¢—Ä–∏–∫–æ–ª—ñ—Ä–Ω–∏–π –ø–ª–µ—Ç–µ–Ω–∏–π –æ–±—Ä—É—á–æ–∫.\n- –ë—Ä–æ–Ω–∑–æ–≤—ñ —à–Ω—É—Ä–æ–≤–∞–Ω—ñ —á–µ—Ä–µ–≤–∏–∫–∏.\n- –ë—Ä–æ–Ω–∑–æ–≤—ñ —à—Ç—É—Ü–∏.\n- –ë—Ä–æ–Ω–∑–æ–≤–∏–π —à–Ω—É—Ä–∏–∫ —Ç–∞ —Å–≤–∏—â–∏–∫.",https://raw.githubusercontent.com/AngryBandera/PlastPravylnykBot/main/images/girl_odnostriy.png,TRUE
unif_novachka_extra,unif_novachka,üìå –í–∏—Ç—è–≥: –¥–æ–¥–∞—Ç–∫–æ–≤—ñ —á–∞—Å—Ç–∏–Ω–∏,text,"**–î–æ–¥–∞—Ç–∫–æ–≤—ñ —á–∞—Å—Ç–∏–Ω–∏:**\n\n- –í–ª—ñ—Ç–∫—É: —Å–≤–µ—Ç—Ä, –≤—ñ—Ç—Ä—ñ–≤–∫–∞, –¥–æ—â–æ–≤–∏–∫ –∞–±–æ ¬´–ø–∞–Ω—á–æ¬ª –±–∞—Ä–≤–∏ –±–ª—é–∑–æ—á–∫–∏ –∞–±–æ –±–µ–∑—Ä—É–∫–∞–≤–Ω–∏–∫–∞.\n- –í–∑–∏–º–∫—É: —Ç–µ–ø–ª–∞ –≤—ñ—Ç—Ä—ñ–≤–∫–∞ –±–∞—Ä–≤–∏ –±–ª—é–∑–æ—á–∫–∏ –∞–±–æ –±–µ–∑—Ä—É–∫–∞–≤–Ω–∏–∫–∞, –≤–æ–≤–Ω—è–Ω—ñ –Ω–∞—É—à–Ω–∏–∫–∏ —ñ —Ä—É–∫–∞–≤–∏—Ü—ñ.\n- –ù–∞ –ª–µ—â–µ—Ç–∞: –±–ª—é–∑–æ—á–∫–∞, “ë—Ä–∞–Ω–∞—Ç–æ–≤—ñ –∞–±–æ —á–æ—Ä–Ω—ñ –ª–µ—â–µ—Ç–∞—Ä—Å—å–∫—ñ —à—Ç–∞–Ω–∏, –ª–µ—â–µ—Ç–∞—Ä—Å—å–∫—ñ —á–µ—Ä–µ–≤–∏–∫–∏, –≤—ñ—Ç—Ä—ñ–≤–∫–∞, —Ä—É–∫–∞–≤–∏—Ü—ñ.",null,FALSE
unif_yunatstvo,odnostriy,üß≠ –û–¥–Ω–æ—Å—Ç—Ä—ñ–π —é–Ω–∞–∫–∞/—á–∫–∏,menu,"–û–±–µ—Ä—ñ—Ç—å –≤–∞—Ä—ñ–∞–Ω—Ç –æ–¥–Ω–æ—Å—Ç—Ä–æ—é –¥–ª—è —é–Ω–∞—Ü—Ç–≤–∞:",null,TRUE
unif_yunak,unif_yunatstvo,üßë –Æ–Ω–∞–∫,text,"**–ï–ª–µ–º–µ–Ω—Ç–∏ –æ–¥–Ω–æ—Å—Ç—Ä–æ—é –ø–ª–∞—Å—Ç—É–Ω–∞ —é–Ω–∞–∫–∞**:\n\n- –ë–µ—Ä–µ—Ç–∫–∞ –∞–±–æ –∫–∞–ø–µ–ª—é—Ö –∑–∞ –≤–∏–±–æ—Ä–æ–º –∫—É—Ä–µ–Ω—è.\n- –ó–µ–ª–µ–Ω–∞ —Å–æ—Ä–æ—á–∫–∞.\n- –ë–æ—Ä–¥–æ–≤–∞ –∞–±–æ –±–∞—Ä–≤–∏ –∫—É—Ä–µ–Ω—è —Ö—É—Å—Ç–∏–Ω–∞ 63—Ö63 —Å–º.\n- –¢—Ä–∏–∫–æ–ª—ñ—Ä–Ω–∏–π –ø–ª–µ—Ç–µ–Ω–∏–π –æ–±—Ä—É—á–æ–∫.\n- –®–æ—Ä—Ç–∏ –∞–±–æ —à—Ç–∞–Ω–∏.\n- –ü–æ—è—Å –∑ –º–µ—Ç–∞–ª–µ–≤–æ—é –ø—Ä—è–∂–∫–æ—é –∑ –ø–ª–∞—Å—Ç–æ–≤–æ—é –ª—ñ–ª–µ—î—é.\n- –®–Ω—É—Ä–æ–≤–∞–Ω—ñ —á–µ—Ä–µ–≤–∏–∫–∏ —á–æ—Ä–Ω—ñ –∞–±–æ –±—Ä–æ–Ω–∑–æ–≤—ñ.\n- –ó–µ–ª–µ–Ω—ñ —à—Ç—É—Ü–∏.\n- –ó–µ–ª–µ–Ω–∏–π —à–Ω—É—Ä–∏–∫ —Ç–∞ —Å–≤–∏—â–∏–∫.",https://raw.githubusercontent.com/AngryBandera/PlastPravylnykBot/main/images/upy_odnostriy.png,TRUE
unif_yunak_extra,unif_yunak,üìå –í–∏—Ç—è–≥: –¥–æ–¥–∞—Ç–∫–æ–≤—ñ —á–∞—Å—Ç–∏–Ω–∏,text,"**–î–æ–¥–∞—Ç–∫–æ–≤—ñ —á–∞—Å—Ç–∏–Ω–∏:**\n\n- –í–ª—ñ—Ç–∫—É: —Å–≤–µ—Ç—Ä, –≤—ñ—Ç—Ä—ñ–≤–∫–∞, –¥–æ—â–æ–≤–∏–∫ –∞–±–æ ¬´–ø–∞–Ω—á–æ¬ª.\n- –í–∑–∏–º–∫—É: —Ç–µ–ø–ª–∞ –≤—ñ—Ç—Ä—ñ–≤–∫–∞ –±–∞—Ä–≤–∏ –æ–¥–Ω–æ—Å—Ç—Ä–æ—é, –≤–æ–≤–Ω—è–Ω—ñ –Ω–∞—É—à–Ω–∏–∫–∏ —ñ —Ä—É–∫–∞–≤–∏—Ü—ñ.",null,FALSE
unif_yunachka,unif_yunatstvo,üë© –Æ–Ω–∞—á–∫–∞,text,"**–ï–ª–µ–º–µ–Ω—Ç–∏ –æ–¥–Ω–æ—Å—Ç—Ä–æ—é –ø–ª–∞—Å—Ç—É–Ω–∫–∏ —é–Ω–∞—á–∫–∏**:\n\n- –ë—Ä–æ–Ω–∑–æ–≤–∞ –±–µ—Ä–µ—Ç–∫–∞ –∞–±–æ –∫–∞–ø–µ–ª—é—Ö.\n- –ü—ñ—Å–æ—á–Ω–∞ —Å–æ—Ä–æ—á–∫–∞.\n- –ë—Ä–æ–Ω–∑–æ–≤–∞ —Å–ø—ñ–¥–Ω–∏—Ü—è, —Å–ø—ñ–¥–Ω–∏—Ü—è-—à–æ—Ä—Ç–∏ –∞–±–æ —à—Ç–∞–Ω–∏.\n- –ë–æ—Ä–¥–æ–≤–∞ –∞–±–æ –±–∞—Ä–≤–∏ –∫—É—Ä–µ–Ω—è —Ö—É—Å—Ç–∏–Ω–∞ —á–∏ –∫—Ä–∞–π–∫–∞.\n- –¢—Ä–∏–∫–æ–ª—ñ—Ä–Ω–∏–π –ø–ª–µ—Ç–µ–Ω–∏–π –æ–±—Ä—É—á–æ–∫.\n- –ü–æ—è—Å –∑ –º–µ—Ç–∞–ª–µ–≤–æ—é –ø—Ä—è–∂–∫–æ—é –∑ –ø–ª–∞—Å—Ç–æ–≤–æ—é –ª—ñ–ª–µ—î—é.\n- –®–Ω—É—Ä–æ–≤–∞–Ω—ñ —á–µ—Ä–µ–≤–∏–∫–∏ —á–æ—Ä–Ω—ñ –∞–±–æ –±—Ä–æ–Ω–∑–æ–≤—ñ.\n- –ë—Ä–æ–Ω–∑–æ–≤—ñ —à—Ç—É—Ü–∏.\n- –ë—Ä–æ–Ω–∑–æ–≤–∏–π —à–Ω—É—Ä–∏–∫ —Ç–∞ —Å–≤–∏—â–∏–∫.",https://raw.githubusercontent.com/AngryBandera/PlastPravylnykBot/main/images/upy_odnostriy_girl.png,TRUE
unif_yunachka_extra,unif_yunachka,üìå –í–∏—Ç—è–≥: –¥–æ–¥–∞—Ç–∫–æ–≤—ñ —á–∞—Å—Ç–∏–Ω–∏,text,"**–î–æ–¥–∞—Ç–∫–æ–≤—ñ —á–∞—Å—Ç–∏–Ω–∏:**\n\n- –ì—É—Ü—É–ª—å—Å—å–∫–∏–π –±–∞–π–±–∞—Ä–∞–∫ —Å—Ç–∏–ª–µ–≤–æ–≥–æ –≤–∏–∫–æ–Ω–∞–Ω–Ω—è –±—Ä–æ–Ω–∑–æ–≤–æ—ó –±–∞—Ä–≤–∏.\n- –¢–æ—Ä–±–∏–Ω–∫–∞ –¥–æ 30—Ö30 —Å–º –±—Ä–æ–Ω–∑–æ–≤–æ—ó –±–∞—Ä–≤–∏ –∑ –¥–æ–≤–≥–∏–º –ø–∞—Å–∫–æ–º.\n- –î–ª—è —Ç–∞–±–æ—Ä—ñ–≤ —ñ –º–∞–Ω–¥—Ä—ñ–≤–æ–∫: —Å–≤–µ—Ç—Ä, –≤—ñ—Ç—Ä—ñ–≤–∫–∞, –¥–æ—â–æ–≤–∏–∫ –∞–±–æ ¬´–ø–∞–Ω—á–æ¬ª –±–∞—Ä–≤–∏ –±–ª—é–∑–∫–∏ –∞–±–æ —Å–ø—ñ–¥–Ω–∏—á–∫–∏.",null,FALSE
unif_starshi,odnostriy,üßë‚Äçü¶≥ –°—Ç–∞—Ä—à–æ–ø–ª–∞—Å—Ç—É–Ω–∏ —Ç–∞ —Å–µ–Ω—å–π–æ—Ä–∏,menu,"–û–±–µ—Ä—ñ—Ç—å —É–ª–∞–¥ –¥–ª—è –ø–µ—Ä–µ–≥–ª—è–¥—É –≤—ñ–¥–º—ñ–Ω–Ω–æ—Å—Ç–µ–π –≤ –æ–¥–Ω–æ—Å—Ç—Ä–æ—ó:",null,TRUE
unif_starshoplastun,unif_starshi,üßî –°—Ç–∞—Ä—à–æ–ø–ª–∞—Å—Ç—É–Ω,text,"**–û–¥–Ω–æ—Å—Ç—Ä—ñ–π —Å—Ç–∞—Ä—à–æ–ø–ª–∞—Å—Ç—É–Ω–∞**:\n\n–ß–∞—Å—Ç–∏–Ω–∏ –æ–¥–Ω–æ—Å—Ç—Ä–æ—é —Ç–∞–∫—ñ —Å–∞–º—ñ, —è–∫ —É –ø–ª–∞—Å—Ç—É–Ω–∞ —é–Ω–∞–∫–∞, –∫—Ä—ñ–º:\n- –ù–∞–∫—Ä–∏—Ç—Ç—è –Ω–∞ –≥–æ–ª–æ–≤—É: —Å–∫–∞—É—Ç—Å—å–∫–∏–π –∫–∞–ø–µ–ª—é—Ö –∑–µ–ª–µ–Ω–æ–≥–æ –∫–æ–ª—å–æ—Ä—É –∑—ñ —à–Ω—É—Ä–æ—á–∫–æ–º –ø—ñ–¥ –±–æ—Ä–æ–¥—É –∞–±–æ –±–µ—Ä–µ—Ç–∫–∞ –±–∞—Ä–≤–∏ –∫—É—Ä–µ–Ω—è.\n- –ü–ª–∞—Å—Ç–æ–≤–∞ —Ö—É—Å—Ç–∏–Ω–∞ –∑–µ–ª–µ–Ω–æ–≥–æ –∞–±–æ –±–∞—Ä–≤–∏ –∫—É—Ä–µ–Ω—è –∫–æ–ª—å–æ—Ä—É 70—Ö70 —Å–º.",https://raw.githubusercontent.com/AngryBandera/PlastPravylnykBot/main/images/starshoplastun_odnostriy.png,FALSE
unif_starshoplastunka,unif_starshi,üë©‚Äçü¶≥ –°—Ç–∞—Ä—à–æ–ø–ª–∞—Å—Ç—É–Ω–∫–∞,text,"**–û–¥–Ω–æ—Å—Ç—Ä—ñ–π —Å—Ç–∞—Ä—à–æ–ø–ª–∞—Å—Ç—É–Ω–∫–∏**:\n\n–ß–∞—Å—Ç–∏–Ω–∏ –æ–¥–Ω–æ—Å—Ç—Ä–æ—é —Ç–∞–∫—ñ —Å–∞–º—ñ, —è–∫ —É –ø–ª–∞—Å—Ç—É–Ω–∫–∏ —é–Ω–∞—á–∫–∏, –∫—Ä—ñ–º:\n- –ë–µ—Ä–µ—Ç–∫–∞ –∑ –∫–æ—Å–∏—á–∫–æ—é –±—Ä–æ–Ω–∑–æ–≤–æ–≥–æ –∫–æ–ª—å–æ—Ä—É –∞–±–æ –±–∞—Ä–≤–∏ –∫—É—Ä–µ–Ω—è.\n- –ö—Ä–∞–π–∫–∞ –∑ –ø–µ—Ä–µ–≤–∞–∂–∞—é—á–æ—é –∑–µ–ª–µ–Ω–æ—é –±–∞—Ä–≤–æ—é –∞–±–æ –∑–µ–ª–µ–Ω–∞ —á–∏ –±–∞—Ä–≤–∏ –∫—É—Ä–µ–Ω—è —Ö—É—Å—Ç–∏–Ω–∞ 70—Ö70 —Å–º.",https://raw.githubusercontent.com/AngryBandera/PlastPravylnykBot/main/images/starshoplastunka_odnostriy.png,FALSE
unif_senior,unif_starshi,üë¥ –ü–ª–∞—Å—Ç—É–Ω —Å–µ–Ω—å–π–æ—Ä,text,"**–û–¥–Ω–æ—Å—Ç—Ä—ñ–π –ø–ª–∞—Å—Ç—É–Ω–∞ —Å–µ–Ω—å–π–æ—Ä–∞**:\n\n–ß–∞—Å—Ç–∏–Ω–∏ –æ–¥–Ω–æ—Å—Ç—Ä–æ—é —Ç–∞–∫—ñ —Å–∞–º—ñ, —è–∫ —É —Å—Ç–∞—Ä—à–æ–ø–ª–∞—Å—Ç—É–Ω–∞, –∫—Ä—ñ–º:\n- –ü–ª–∞—Å—Ç–æ–≤–∞ —Ö—É—Å—Ç–∏–Ω–∞ –±—Ä–æ–Ω–∑–æ–≤–æ–≥–æ –∫–æ–ª—å–æ—Ä—É 70—Ö70 —Å–º.",null,FALSE
unif_seniorka,unif_starshi,üëµ –ü–ª–∞—Å—Ç—É–Ω–∫–∞ —Å–µ–Ω—å–π–æ—Ä–∫–∞,text,"**–û–¥–Ω–æ—Å—Ç—Ä—ñ–π –ø–ª–∞—Å—Ç—É–Ω–∫–∏ —Å–µ–Ω—å–π–æ—Ä–∫–∏**:\n\n–ß–∞—Å—Ç–∏–Ω–∏ –æ–¥–Ω–æ—Å—Ç—Ä–æ—é —Ç–∞–∫—ñ —Å–∞–º—ñ, —è–∫ —É —Å—Ç–∞—Ä—à–æ–ø–ª–∞—Å—Ç—É–Ω–∫–∏, –∫—Ä—ñ–º:\n- –ü–ª–∞—Å—Ç–æ–≤–∞ —Ö—É—Å—Ç–∏–Ω–∞ –±—Ä–æ–Ω–∑–æ–≤–æ–≥–æ –∫–æ–ª—å–æ—Ä—É 70—Ö70 —Å–º –∞–±–æ –∫—Ä–∞–π–∫–∞ –∑ –ø–µ—Ä–µ–≤–∞–∂–∞—é—á–æ—é –±—Ä–æ–Ω–∑–æ–≤–æ—é –±–∞—Ä–≤–æ—é.",null,FALSE
ins_belong,vidznaky,üè∑Ô∏è –í—ñ–¥–∑–Ω–∞–∫–∞ –ø—Ä–∏–Ω–∞–ª–µ–∂–Ω–æ—Å—Ç—ñ,menu,"–û–±–µ—Ä—ñ—Ç—å –∫–∞—Ç–µ–≥–æ—Ä—ñ—é –≤—ñ–¥–∑–Ω–∞–∫–∏ –ø—Ä–∏–Ω–∞–ª–µ–∂–Ω–æ—Å—Ç—ñ:",null,TRUE
ins_belong_plast,ins_belong,üè∑Ô∏è –î–æ –ü–ª–∞—Å—Ç—É,text,"**–í—ñ–¥–∑–Ω–∞–∫–∞ –ø—Ä–∏–Ω–∞–ª–µ–∂–Ω–æ—Å—Ç—ñ –¥–æ –ü–ª–∞—Å—Ç—É**:\n\n**–£–ü–ù**\n- –û—Ä–ª—è –º–∞—é—Ç—å –ø—Ä–∞–≤–æ –Ω–æ—Å–∏—Ç–∏ –ø–ª–∞—Å—Ç—É–Ω–∏, —è–∫—ñ —Å–∫–ª–∞–ª–∏ –Ω–æ–≤–∞—Ü—å–∫—É –æ–±—ñ—Ç–Ω–∏—Ü—é.\n- –ù–æ—Å–∏—Ç–∏: –ø–æ—Å–µ—Ä–µ–¥–∏–Ω—ñ –±–µ—Ä–µ—Ç–∫–∏ —Ç–∞ 25 –º–º –Ω–∞–¥ –ª—ñ–≤–æ—é –≥—Ä—É–¥–Ω–æ—é –∫–∏—à–µ–Ω–µ—é.\n- –í–∏–≥–ª—è–¥: –∑–µ–ª–µ–Ω–µ —Ç–ª–æ, –∂–æ–≤—Ç–µ –æ—Ä–ª—è—Ç–∫–æ, —Å—ñ—Ä–∞ —Å–∫–µ–ª—è.\n\n**–£–ü–Æ, –£–°–ü, –£–ü–°**\n- –ü–ª–∞—Å—Ç–æ–≤—É –ª—ñ–ª–µ—é –º–∞—é—Ç—å –ø—Ä–∞–≤–æ –Ω–æ—Å–∏—Ç–∏ –ø–ª–∞—Å—Ç—É–Ω–∏, —â–æ —Å–∫–ª–∞–ª–∏ –ü–ª–∞—Å—Ç–æ–≤—É –ø—Ä–∏—Å—è–≥—É.\n- –ù–æ—Å–∏—Ç–∏: –Ω–∞–¥ —Å–µ—Ä–µ–¥–∏–Ω–æ—é —á–æ–ª–∞ (–≤–µ–ª–∏–∫–∞) —Ç–∞ 25 –º–º –Ω–∞–¥ –ª—ñ–≤–æ—é –∫–∏—à–µ–Ω–µ—é (–º–∞–ª–∞).\n- –©–∏—Ç–∫–∏: –±–æ—Ä–¥–æ–≤–∏–π (–£–ü–Æ), –∑–µ–ª–µ–Ω–∏–π (–£–°–ü), –±—Ä–æ–Ω–∑–æ–≤–∏–π (–£–ü–°).",https://raw.githubusercontent.com/AngryBandera/PlastPravylnykBot/main/images/ins_belong.png,FALSE
ins_belong_krai,ins_belong,üó∫Ô∏è –î–æ –∫—Ä–∞—é,text,"**–í—ñ–¥–∑–Ω–∞–∫–∞ –ø—Ä–∏–Ω–∞–ª–µ–∂–Ω–æ—Å—Ç—ñ –¥–æ –∫—Ä–∞—é**:\n\n- –ù–æ—Å–∏—Ç–∏: 13 –º–º –≤—ñ–¥ —à–≤–∞ –Ω–∞ –ª—ñ–≤–æ–º—É –ø–ª–µ—á—ñ.\n- –í–∏–≥–ª—è–¥: –æ—Ä—ñ—î–Ω—Ç–æ–≤–Ω–∏–π —Ä–æ–∑–º—ñ—Ä 60—Ö115 –º–º.",null,FALSE
ins_belong_orgs,ins_belong,üèïÔ∏è –î–æ –ø–ª–∞—Å—Ç–æ–≤–∏—Ö –æ–±'—î–¥–Ω–∞–Ω—å,text,"**–í—ñ–¥–∑–Ω–∞–∫–∏ –ø—Ä–∏–Ω–∞–ª–µ–∂–Ω–æ—Å—Ç—ñ –¥–æ –ø–ª–∞—Å—Ç–æ–≤–∏—Ö –æ–±'—î–¥–Ω–∞–Ω—å**:\n\n**–£–ü–ù**\n- –î–æ —Ä–æ—è: –±–µ–∑–ø–æ—Å–µ—Ä–µ–¥–Ω—å–æ –ø—ñ–¥ –≤—ñ–¥–∑–Ω–∞–∫–æ—é –ø—Ä–∏–Ω–∞–ª–µ–∂–Ω–æ—Å—Ç—ñ –¥–æ –≥–Ω—ñ–∑–¥–∞; –¥—ñ–∞–º–µ—Ç—Ä 50 –º–º.\n- –î–æ –≥–Ω—ñ–∑–¥–∞: 13 –º–º –≤—ñ–¥ —à–≤–∞ –Ω–∞ –ø—Ä–∞–≤–æ–º—É –ø–ª–µ—á—ñ; –∫–≤–∞–¥—Ä–∞—Ç 50 –º–º.\n- –î–æ —Å–∞–º–æ—Å—Ç—ñ–π–Ω–æ–≥–æ —Ä–æ—è: —è–∫ –≤–∏—â–µ, –∞–ª–µ —á–∏—Å–ª–æ –ø–æ–¥–∞—î—Ç—å—Å—è —Ä–∏–º—Å—å–∫–∏–º–∏ —á–∏—Å–ª–∞–º–∏.\n\n**–£–ü–Æ**\n- –î–æ –≥—É—Ä—Ç–∫–∞: –±–µ–∑–ø–æ—Å–µ—Ä–µ–¥–Ω—å–æ –ø—ñ–¥ –≤—ñ–¥–∑–Ω–∞–∫–æ—é –ø—Ä–∏–Ω–∞–ª–µ–∂–Ω–æ—Å—Ç—ñ –¥–æ –∫—É—Ä–µ–Ω—è; –¥—ñ–∞–º–µ—Ç—Ä 50 –º–º.\n- –î–æ –∫—É—Ä–µ–Ω—è: 13 –º–º –≤—ñ–¥ —à–≤–∞ –Ω–∞ –ø—Ä–∞–≤–æ–º—É –ø–ª–µ—á—ñ; –∫–≤–∞–¥—Ä–∞—Ç 50 –º–º.\n- –î–æ —Å–∞–º–æ—Å—Ç—ñ–π–Ω–æ–≥–æ –≥—É—Ä—Ç–∫–∞: —è–∫ –≤–∏—â–µ, –∞–ª–µ —á–∏—Å–ª–æ –ø–æ–¥–∞—î—Ç—å—Å—è —Ä–∏–º—Å—å–∫–∏–º–∏ —á–∏—Å–ª–∞–º–∏.\n\n**–£–°–ü —Ç–∞ –£–ü–°**\n- –ù–æ—Å–∏—Ç–∏ –≤—ñ–¥–∑–Ω–∞–∫–∏, —Å—Ö–≤–∞–ª–µ–Ω—ñ –∑'—î–¥–Ω–∞–Ω–Ω—è–º–∏ —Ç–∞ –∑–∞—Ç–≤–µ—Ä–¥–∂–µ–Ω—ñ –ì–ü–ë; –º—ñ—Å—Ü–µ ‚Äî –ø—Ä–∞–≤–∏–π —Ä—É–∫–∞–≤, 13 –º–º –≤—ñ–¥ –ø–ª–µ—á–∞.",https://raw.githubusercontent.com/AngryBandera/PlastPravylnykBot/main/images/dummy_yunak.png,FALSE
ins_ranks,vidznaky,üìà –í—ñ–¥–∑–Ω–∞–∫–∏ –ø–ª–∞—Å—Ç–æ–≤–∏—Ö —Å—Ç—É–ø–µ–Ω—ñ–≤,menu,"–û–±–µ—Ä—ñ—Ç—å —É–ª–∞–¥ –¥–ª—è –ø–µ—Ä–µ–≥–ª—è–¥—É –≤—ñ–¥–∑–Ω–∞–∫ —Å—Ç—É–ø–µ–Ω—ñ–≤:",null,TRUE
ins_ranks_upn,ins_ranks,üü¢ –£–ü–ù,text,"**–í—ñ–¥–∑–Ω–∞–∫–∏ —Å—Ç—É–ø–µ–Ω—ñ–≤ –£–ü–ù**:\n\n- –ü—Ä–∏—Ö–∏–ª—å–Ω–∏–∫/—Ü—è ‚Äî —á–µ—Ä–≤–æ–Ω–∞ –±–∞—Ä–≤–∞.\n- –û—Ä–ª—è ‚Äî –æ—Ä–∞–Ω–∂–µ–≤–∞ –±–∞—Ä–≤–∞.\n- –°–∏–ª—å–Ω–µ –æ—Ä–ª—è ‚Äî –∂–æ–≤—Ç–∞ –±–∞—Ä–≤–∞.\n- –ö—Ä–∞—Å–Ω–µ –æ—Ä–ª—è ‚Äî –∑–µ–ª–µ–Ω–∞ –±–∞—Ä–≤–∞.\n- –û–±–µ—Ä–µ–∂–Ω–µ –æ—Ä–ª—è ‚Äî —Å–∏–Ω—è –±–∞—Ä–≤–∞.\n- –ë–∏—Å—Ç—Ä–µ –æ—Ä–ª—è ‚Äî —Ñ—ñ–æ–ª–µ—Ç–æ–≤–∞ –±–∞—Ä–≤–∞.\n\n- –í–∏–≥–ª—è–¥: —Ñ–æ—Ä–º–∞ —Å–µ–∫—Ç–æ—Ä–∞, –¥—ñ–∞–º–µ—Ç—Ä 50 –º–º, –±—Ä–æ–Ω–∑–æ–≤–µ –æ–±–≤–µ–¥–µ–Ω–Ω—è.\n- –ù–æ—Å–∏—Ç–∏: –ø–æ—Å–µ—Ä–µ–¥–∏–Ω—ñ –º—ñ–∂ –ø–ª–µ—á–µ–º —Ç–∞ –ª—ñ–∫—Ç–µ–º –Ω–∞ –ª—ñ–≤–æ–º—É —Ä—É–∫–∞–≤—ñ.",https://raw.githubusercontent.com/AngryBandera/PlastPravylnykBot/main/images/upn_rank.png,FALSE
ins_ranks_upyu,ins_ranks,üõ°Ô∏è –£–ü–Æ,text,"**–í—ñ–¥–∑–Ω–∞–∫–∏ —Å—Ç—É–ø–µ–Ω—ñ–≤ –£–ü–Æ**:\n\n- –ü—Ä–∏—Ö–∏–ª—å–Ω–∏–∫/—Ü—è ‚Äî —Å–∏–Ω—å–æ-–∂–æ–≤—Ç–∏–π –ø–ª–∞—Å—Ç–æ–≤–∏–π –≤—É–∑–æ–ª.\n- –£—á–∞—Å–Ω–∏–∫/—Ü—è ‚Äî —Å–∏–Ω—è —Å—Ç—Ä—ñ—á–∫–∞ –∑ –Ω–∞–ø–∏—Å–æ–º ¬´–°–ö–û–ë!¬ª.\n- –†–æ–∑–≤—ñ–¥—É–≤–∞—á/—á–∫–∞ ‚Äî —è–∫ –≤ —É—á–∞—Å–Ω–∏–∫–∞, –ø–ª—é—Å –±—ñ–ª–∞ –ª—ñ–ª–µ—è –∑ –∂–æ–≤—Ç–∏–º —Ç—Ä–∏–∑—É–±–æ–º.\n- –°–∫–æ–±/–í—ñ—Ä–ª–∏—Ü—è ‚Äî —è–∫ —É —Ä–æ–∑–≤—ñ–¥—É–≤–∞—á–∞, –ø–ª—é—Å –∑–æ–ª–æ—Ç–µ –æ–±—Ä–∞–º–ª–µ–Ω–Ω—è.\n- –°–∫–æ–±-–≥—Ä–µ–±–µ—Ü—å ‚Äî –¥–æ–¥–∞—Ç–∫–æ–≤–æ —è–∫—ñ—Ä.\n- –°–∫–æ–±-–æ–±—Å–µ—Ä–≤–∞—Ç–æ—Ä ‚Äî –¥–æ–¥–∞—Ç–∫–æ–≤–æ –ø—Ä–æ–ø–µ–ª–µ—Ä.\n- –ì–µ—Ç—å–º–∞–Ω—Å—å–∫–∏–π —Å–∫–æ–±/–≤—ñ—Ä–ª–∏—Ü—è ‚Äî –∑–∞–º—ñ—Å—Ç—å ¬´–°–ö–û–ë!¬ª –¥–≤—ñ –∂–æ–≤—Ç—ñ –±—É–ª–∞–≤–∏.\n\n- –ù–æ—Å–∏—Ç–∏: –ø–æ—Å–µ—Ä–µ–¥–∏–Ω—ñ –º—ñ–∂ –ø–ª–µ—á–µ–º —Ç–∞ –ª—ñ–∫—Ç–µ–º –Ω–∞ –ª—ñ–≤–æ–º—É —Ä—É–∫–∞–≤—ñ.",https://raw.githubusercontent.com/AngryBandera/PlastPravylnykBot/main/images/upy_rank.png,FALSE
ins_ranks_usp,ins_ranks,üü© –£–°–ü,text,"**–í—ñ–¥–∑–Ω–∞–∫–∞ —Å—Ç—É–ø–µ–Ω—è –£–°–ü**:\n\n- –í–∏–≥–ª—è–¥: —â–∏—Ç–æ–∫ 75—Ö50 –º–º –∑ –±—ñ–ª–æ—é –ª—ñ–ª–µ—î—é —Ç–∞ –∂–æ–≤—Ç–∏–º —Ç—Ä–∏–∑—É–±–æ–º –Ω–∞ –∑–µ–ª–µ–Ω–æ–º—É –∞–±–æ –ø—ñ—Å–∫–æ–≤–æ–º—É —Ç–ª—ñ —ñ–∑ –∑–µ–ª–µ–Ω–∏–º –æ–±—Ä–∞–º–ª–µ–Ω–Ω—è–º.\n- –ù–æ—Å–∏—Ç–∏: –ø–æ—Å–µ—Ä–µ–¥–∏–Ω—ñ –º—ñ–∂ –ø–ª–µ—á–µ–º —Ç–∞ –ª—ñ–∫—Ç–µ–º –Ω–∞ –ª—ñ–≤–æ–º—É —Ä—É–∫–∞–≤—ñ.",https://raw.githubusercontent.com/AngryBandera/PlastPravylnykBot/main/images/usp_rank.png,FALSE
ins_ranks_ups,ins_ranks,üü´ –£–ü–°,text,"**–í—ñ–¥–∑–Ω–∞–∫–∞ —Å—Ç—É–ø–µ–Ω—è –£–ü–°**:\n\n- –í–∏–≥–ª—è–¥: —è–∫ –≤—ñ–¥–∑–Ω–∞–∫–∞ –£–°–ü, –∞–ª–µ –∑ –±—Ä–æ–Ω–∑–æ–≤–∏–º –æ–±—Ä–∞–º–ª–µ–Ω–Ω—è–º.\n- –ù–æ—Å–∏—Ç–∏: –ø–æ—Å–µ—Ä–µ–¥–∏–Ω—ñ –º—ñ–∂ –ø–ª–µ—á–µ–º —Ç–∞ –ª—ñ–∫—Ç–µ–º –Ω–∞ –ª—ñ–≤–æ–º—É —Ä—É–∫–∞–≤—ñ.\n\n**–°—Ç—É–ø–µ–Ω—ñ:**\n- –°–µ–Ω—å–π–æ—Ä –ø—Ä–∏—Ö–∏–ª—å–Ω–∏–∫ ‚Äî –ø—Ä–æ—Å—Ç–∞ –≤—ñ–¥–∑–Ω–∞–∫–∞.\n- –°–µ–Ω—å–π–æ—Ä –ø—Ä–∞—Ü—ñ ‚Äî –æ–¥–∏–Ω –∂–æ–≤—Ç–∏–π –∂—É—Ä–∞–≤–µ–ª—å –ø—ñ–¥ –ª—ñ–ª–µ—î—é.\n- –°–µ–Ω—å–π–æ—Ä –¥–æ–≤—ñ—Ä–∏ ‚Äî –¥–≤–∞ –∂–æ–≤—Ç—ñ –∂—É—Ä–∞–≤–ª—ñ.\n- –°–µ–Ω—å–π–æ—Ä –∫–µ—Ä—ñ–≤–Ω–∏—Ü—Ç–≤–∞ ‚Äî —Ç—Ä–∏ –∂–æ–≤—Ç—ñ –∂—É—Ä–∞–≤–ª—ñ.",https://raw.githubusercontent.com/AngryBandera/PlastPravylnykBot/main/images/ups_rank.png,FALSE
ins_training,vidznaky,üéì –í—ñ–¥–∑–Ω–∞–∫–∏ –ø–ª–∞—Å—Ç–æ–≤–∏—Ö –≤–∏—à–∫–æ–ª—ñ–≤,menu,"–û–±–µ—Ä—ñ—Ç—å —Ç–∏–ø –≤–∏—à–∫—ñ–ª—å–Ω–∏—Ö –≤—ñ–¥–∑–Ω–∞–∫:",null,TRUE
ins_skills,ins_training,üß© –í—ñ–¥–∑–Ω–∞–∫–∏ –ø–ª–∞—Å—Ç–æ–≤–∏—Ö –≤–º—ñ–ª–æ—Å—Ç–µ–π,text,"**–í—ñ–¥–∑–Ω–∞–∫–∏ –ø–ª–∞—Å—Ç–æ–≤–∏—Ö –≤–º—ñ–ª–æ—Å—Ç–µ–π**:\n\n**–£–ü–ù**\n- –í–∏–≥–ª—è–¥: —Ç—Ä–∏–∫—É—Ç–Ω–∏–∫ 38—Ö50 –º–º, –∑–µ–ª–µ–Ω–∏–π —Ñ–æ–Ω, –∂–æ–≤—Ç–µ –æ–±–≤–µ–¥–µ–Ω–Ω—è —ñ —Å–∏–º–≤–æ–ª.\n- –ù–æ—Å–∏—Ç–∏: 50 –º–º –ø—ñ–¥ –≤—ñ–¥–∑–Ω–∞–∫–æ—é –ø—Ä–∏–Ω–∞–ª–µ–∂–Ω–æ—Å—Ç—ñ –¥–æ —Ä–æ—è.\n\n**–£–ü–Æ**\n- –í–∏–≥–ª—è–¥: –∫–æ–ª–æ –¥—ñ–∞–º–µ—Ç—Ä–æ–º 30 –º–º, —Å–∏–Ω—ñ–π —Ñ–æ–Ω, –º–∞–ª–∏–Ω–æ–≤–µ –æ–±–≤–µ–¥–µ–Ω–Ω—è —ñ —Å–∏–º–≤–æ–ª.\n- –ù–æ—Å–∏—Ç–∏: 75 –º–º –ø—ñ–¥ –≤—ñ–¥–∑–Ω–∞–∫–æ—é –ø—Ä–∏–Ω–∞–ª–µ–∂–Ω–æ—Å—Ç—ñ –¥–æ –≥—É—Ä—Ç–∫–∞ –∞–±–æ 25 –º–º –ø—ñ–¥ –≤—ñ–¥–∑–Ω–∞–∫–æ—é —Å–ø–µ—Ü—ñ–∞–ª—å–Ω–∏—Ö –≤–∏—à–∫–æ–ª—ñ–≤.",https://raw.githubusercontent.com/AngryBandera/PlastPravylnykBot/main/images/vmilist.png,FALSE
ins_fitness,ins_training,üèÉ –í—ñ–¥–∑–Ω–∞–∫–∏ —Ñ—ñ–∑–∏—á–Ω–æ—ó –≤–ø—Ä–∞–≤–Ω–æ—Å—Ç—ñ,text,"**–í—ñ–¥–∑–Ω–∞–∫–∏ —Ñ—ñ–∑–∏—á–Ω–æ—ó –≤–ø—Ä–∞–≤–Ω–æ—Å—Ç—ñ**:\n\n- –í–∏–≥–ª—è–¥: –ø—Ä—è–º–æ–∫—É—Ç–Ω–∏–∫ 22—Ö16 –º–º, –≤–∏—Ç–∏—Å–∫ –Ω–∞ –º–µ—Ç–∞–ª—ñ.\n- –ù–æ—Å–∏—Ç–∏: –Ω–∞ –ø–∞—Ç–æ—á—Ü—ñ –ø—Ä–∞–≤–æ—ó –≥—Ä—É–¥–Ω–æ—ó –∫–∏—à–µ–Ω—ñ –∑ –ª—ñ–≤–æ–≥–æ –∫—ñ–Ω—Ü—è.\n\n**–†—ñ–≤–Ω—ñ:**\n- 13-14: –∑–µ–ª–µ–Ω–µ —Ç–ª–æ, —Å—Ä—ñ–±–Ω–µ –æ–±—Ä–∞–º–ª–µ–Ω–Ω—è.\n- 15-16: —Å–∏–Ω—î —Ç–ª–æ, –∑–æ–ª–æ—Ç–µ –æ–±—Ä–∞–º–ª–µ–Ω–Ω—è.\n- 17-18: –º–∞–ª–∏–Ω–æ–≤–µ —Ç–ª–æ, –∑–æ–ª–æ—Ç–µ –æ–±—Ä–∞–º–ª–µ–Ω–Ω—è.",https://raw.githubusercontent.com/AngryBandera/PlastPravylnykBot/main/images/vfv.png,FALSE
ins_spec_training,ins_training,üß≠ –°–ø–µ—Ü—ñ–∞–ª—ñ–∑–∞—Ü—ñ–π–Ω—ñ –≤–∏—à–∫–æ–ª–∏,text,"**–í—ñ–¥–∑–Ω–∞–∫–∏ —Å–ø–µ—Ü—ñ–∞–ª—ñ–∑–∞—Ü—ñ–π–Ω–∏—Ö –≤–∏—à–∫–æ–ª—ñ–≤**:\n\n- –í—ñ–¥–∑–Ω–∞–∫–∞ –ª—ñ—Å–æ–≤–æ—ó —à–∫–æ–ª–∏ (1 —Å—Ç—É–ø—ñ–Ω—å ‚Äî —á–µ—Ä–≤–æ–Ω–µ –æ–±–≤–µ–¥–µ–Ω–Ω—è, 2 —Å—Ç—É–ø—ñ–Ω—å ‚Äî –∑–æ–ª–æ—Ç–µ).\n- –í—ñ–¥–∑–Ω–∞–∫–∞ —à–∫–æ–ª–∏ –±—É–ª–∞–≤–Ω–∏—Ö (2 —Å—Ç—É–ø—ñ–Ω—å ‚Äî –∑–æ–ª–æ—Ç–µ –æ–±–≤–µ–¥–µ–Ω–Ω—è).\n- –í—ñ–¥–∑–Ω–∞–∫–∞ –∑–æ–ª–æ—Ç–æ—ó –±—É–ª–∞–≤–∏.",https://raw.githubusercontent.com/AngryBandera/PlastPravylnykBot/main/images/spec_training.png,FALSE
ins_offices,vidznaky,üìÅ –í—ñ–¥–∑–Ω–∞–∫–∏ –ø–ª–∞—Å—Ç–æ–≤–∏—Ö –¥—ñ–ª–æ–≤–æ–¥—Å—Ç–≤,menu,"–û–±–µ—Ä—ñ—Ç—å –∫–∞—Ç–µ–≥–æ—Ä—ñ—é –¥—ñ–ª–æ–≤–æ–¥—á–∏—Ö –≤—ñ–¥–∑–Ω–∞–∫:",null,TRUE
ins_offices_orgs,ins_offices,üèïÔ∏è –í –ø–ª–∞—Å—Ç–æ–≤–∏—Ö –∑'—î–¥–Ω–∞–Ω–Ω—è—Ö,text,"**–í –ø–ª–∞—Å—Ç–æ–≤–∏—Ö –∑'—î–¥–Ω–∞–Ω–Ω—è—Ö**:\n\n**–£–ü–ù**\n- –†–æ–π–æ–≤–∏–π ‚Äî 2 —Å—Ä—ñ–±–Ω—ñ –ø–∞—Å–∫–∏ –¥–æ–≤–∂–∏–Ω–∏ –∫–∏—à–µ–Ω—ñ, –Ω–æ—Å–∏—Ç–∏ —Å–∏–º–µ—Ç—Ä–∏—á–Ω–æ.\n- –ó–∞—Å—Ç—É–ø–Ω–∏–∫ —Ä–æ–π–æ–≤–æ–≥–æ ‚Äî 1 –ø–∞—Å–æ–∫.\n\n**–£–ü–Æ**\n- –ì—É—Ä—Ç–∫–æ–≤–∏–π ‚Äî —è–∫ —É —Ä–æ–π–æ–≤–æ–≥–æ –£–ü–ù.\n- –ó–∞—Å—Ç—É–ø–Ω–∏–∫ –≥—É—Ä—Ç–∫–æ–≤–æ–≥–æ ‚Äî —è–∫ —É –∑–∞—Å—Ç—É–ø–Ω–∏–∫–∞ —Ä–æ–π–æ–≤–æ–≥–æ –£–ü–ù.\n- –ö—É—Ä—ñ–Ω–Ω–∏–π ‚Äî —è–∫ —É –≥—É—Ä—Ç–∫–æ–≤–æ–≥–æ, –∞–ª–µ –∑–æ–ª–æ—Ç–æ—ó –±–∞—Ä–≤–∏.\n- –ß–ª–µ–Ω –∫—É—Ä—ñ–Ω–Ω–æ–≥–æ –ø—Ä–æ–≤–æ–¥—É ‚Äî —è–∫ —É –∑–∞—Å—Ç—É–ø–Ω–∏–∫–∞ –≥—É—Ä—Ç–∫–æ–≤–æ–≥–æ, –∞–ª–µ –∑–æ–ª–æ—Ç–æ—ó –±–∞—Ä–≤–∏.\n\n**–£–°–ü —ñ –£–ü–°**\n- –ß–ª–µ–Ω–∏ –∫—É—Ä—ñ–Ω–Ω–æ–≥–æ –ø—Ä–æ–≤–æ–¥—É –Ω–æ—Å—è—Ç—å —Ç–∞–∫—ñ –∂ –≤—ñ–¥–∑–Ω–∞–∫–∏, —è–∫ –≤ –£–ü–Æ.",https://raw.githubusercontent.com/AngryBandera/PlastPravylnykBot/main/images/ins_offices_orgs.png,FALSE
ins_offices_staff,ins_offices,üèõÔ∏è –í –ø–ª–∞—Å—Ç–æ–≤–∏—Ö —Å—Ç–∞—Ä—à–∏–Ω–∞—Ö,text,"**–í –ø–ª–∞—Å—Ç–æ–≤–∏—Ö —Å—Ç–∞—Ä—à–∏–Ω–∞—Ö**:\n\n**–°—Ç–∞–Ω–∏—á–Ω–∞ –ø–ª–∞—Å—Ç–æ–≤–∞ —Å—Ç–∞—Ä—à–∏–Ω–∞**\n- –ì–æ–ª–æ–≤–∞ ‚Äî 2 —Å—Ä—ñ–±–Ω—ñ –ø–∞—Å–∫–∏ –Ω–∞–¥ –ª—ñ–≤–æ—é –∫–∏—à–µ–Ω–µ—é —Å–æ—Ä–æ—á–∫–∏.\n- –ö–æ—à–æ–≤–∏–π ‚Äî —Å—Ä—ñ–±–Ω–∏–π –ø–∞—Å–æ–∫ —Ç–∞ —à–Ω—É—Ä–æ–∫.\n- –ß–ª–µ–Ω–∏ —Å—Ç–∞–Ω–∏—á–Ω–æ—ó —Å—Ç–∞—Ä—à–∏–Ω–∏ ‚Äî 1 —Å—Ä—ñ–±–Ω–∏–π –ø–∞—Å–æ–∫.\n\n**–ö—Ä–∞–π–æ–≤–∞ –ø–ª–∞—Å—Ç–æ–≤–∞ —Å—Ç–∞—Ä—à–∏–Ω–∞**\n- –ì–æ–ª–æ–≤–∞ –ö–ü–° ‚Äî —è–∫ —É –≥–æ–ª–æ–≤–∏ –°–ü–°, –∞–ª–µ –∑–æ–ª–æ—Ç–æ—ó –±–∞—Ä–≤–∏.\n- –ö—Ä–∞–π–æ–≤—ñ –∫–æ–º–µ–Ω–¥–∞–Ω—Ç–∏ —Ç–∞ —Ä–µ—Ñ–µ—Ä–µ–Ω—Ç–∏ ‚Äî —è–∫ —É –∫–æ—à–æ–≤–∏—Ö, –∞–ª–µ –∑–æ–ª–æ—Ç–æ—ó –±–∞—Ä–≤–∏.\n- –ß–ª–µ–Ω –ö–ü–° ‚Äî —è–∫ —É —á–ª–µ–Ω–∞ –°–ü–°, –∞–ª–µ –∑–æ–ª–æ—Ç–æ—ó –±–∞—Ä–≤–∏.\n- –ß–ª–µ–Ω –±—É–ª–∞–≤–∏ ‚Äî –∑–æ–ª–æ—Ç–∏–π —à–Ω—É—Ä–æ–∫.\n\n**–ì–æ–ª–æ–≤–Ω–∞ –ø–ª–∞—Å—Ç–æ–≤–∞ –±—É–ª–∞–≤–∞**\n- –ì–æ–ª–æ–≤–∞ ‚Äî —è–∫ —É –ö–ü–°, –∞–ª–µ –∑ –ø–µ—Ä–µ–∫—Ä—É—á–µ–Ω–∏–º —à–Ω—É—Ä–æ—á–∫–æ–º –ø–æ–≤–µ—Ä—Ö.\n- –ö–µ—Ä—ñ–≤–Ω–∏–∫ –≤–∏—Ö–æ–≤–Ω–æ—ó –¥—ñ—è–ª—å–Ω–æ—Å—Ç—ñ ‚Äî —è–∫ —É –≥–æ–ª–æ–≤–∏ –ì–ü–ë, –∞–ª–µ –∑ –æ–¥–Ω–∏–º –ø–∞—Å–∫–æ–º.\n- –ß–ª–µ–Ω –ì–ü–ë ‚Äî —è–∫ —É –≥–æ–ª–æ–≤–∏ –ì–ü–ë, –∞–ª–µ –∑–∞–º—ñ—Å—Ç—å 2 –ø–∞—Å–∫—ñ–≤ 1 —à–Ω—É—Ä–æ—á–æ–∫.\n- –°–ø—ñ–≤—Ä–æ–±—ñ—Ç–Ω–∏–∫ —á–ª–µ–Ω—ñ–≤ –ì–ü–ë ‚Äî 1 –ø–µ—Ä–µ–∫—Ä—É—á–µ–Ω–∏–π —à–Ω—É—Ä–æ—á–æ–∫.\n\n- –†–æ–∑–º—ñ—Ä–∏: –ø–∞—Å–∫–∏ 75—Ö6 –º–º, —à–Ω—É—Ä–æ–∫ 75—Ö3 –º–º.\n- –ù–æ—Å–∏—Ç–∏: 12 –º–º –≤—ñ–¥ –∑–∞–∫—ñ–Ω—á–µ–Ω–Ω—è –∫–∏—à–µ–Ω—ñ.",https://raw.githubusercontent.com/AngryBandera/PlastPravylnykBot/main/images/ins_offices_staff.png,FALSE
ins_offices_councils,ins_offices,‚öñÔ∏è –í –ø–ª–∞—Å—Ç–æ–≤–∏—Ö —Ä–∞–¥–∞—Ö,text,"**–í –ø–ª–∞—Å—Ç–æ–≤–∏—Ö —Ä–∞–¥–∞—Ö (–∫–æ–Ω—Ç—Ä–æ–ª—å–Ω–∏—Ö –æ—Ä–≥–∞–Ω–∞—Ö)**:\n\n- –í—ñ–¥–∑–Ω–∞–∫–∞ —á–ª–µ–Ω—ñ–≤ —Ä–∞–¥ ‚Äî –¥—É–±–æ–≤–∏–π –ª–∏—Å—Ç–æ–∫ –Ω–∞ –≤–∏–ª–æ–≥–∞—Ö –∫–æ–º—ñ—Ä–∞.\n- –ì–æ–ª–æ–≤–∞ —Ä–∞–¥–∏ ‚Äî –Ω–∞ –æ–±–æ—Ö –≤–∏–ª–æ–≥–∞—Ö –∫–æ–º—ñ—Ä–∞.\n\n**–ë–∞—Ä–≤–∏ –∑–∞ —Ä—ñ–≤–Ω–µ–º:**\n- –°—Ç–∞–Ω–∏—á–Ω—ñ —Ä–∞–¥–∏ ‚Äî —Å—Ä—ñ–±–Ω–∞.\n- –ö—Ä–∞–π–æ–≤—ñ —Ä–∞–¥–∏ ‚Äî –∑–æ–ª–æ—Ç–∞.\n- –ì–æ–ª–æ–≤–Ω–∞ –ü–ª–∞—Å—Ç–æ–≤–∞ –†–∞–¥–∞ ‚Äî –±—Ä–æ–Ω–∑–æ–≤–∞.\n\n_–ü—Ä–∏–º—ñ—Ç–∫–∞:_ –ø—Ä–∏ –≤–∏–∫–æ–Ω–∞–Ω–Ω—ñ –∫—ñ–ª—å–∫–æ—Ö –æ–±–æ–≤'—è–∑–∫—ñ–≤ –Ω–æ—Å–∏—Ç—å—Å—è –≤—ñ–¥–∑–Ω–∞–∫–∞ –Ω–∞–π–≤–∏—â–æ–≥–æ —Å—Ç—É–ø–µ–Ω—è.",https://raw.githubusercontent.com/AngryBandera/PlastPravylnykBot/main/images/ins_offices_councils.png,FALSE
ins_educators,vidznaky,üßë‚Äçüè´ –í—ñ–¥–∑–Ω–∞–∫–∏ –ø–ª–∞—Å—Ç–æ–≤–∏—Ö –≤–∏—Ö–æ–≤–Ω–∏–∫—ñ–≤ —Ç–∞ —ó—Ö –≤–∏—à–∫–æ–ª—ñ–≤,menu,"–û–±–µ—Ä—ñ—Ç—å —Ä–æ–∑–¥—ñ–ª –ø—Ä–æ –≤—ñ–¥–∑–Ω–∞–∫–∏ –≤–∏—Ö–æ–≤–Ω–∏–∫—ñ–≤:",null,TRUE
ins_educators_by_ulad,ins_educators,ü™¢ –ü–æ —É–ª–∞–¥–∞—Ö,text,"**–ü–æ —É–ª–∞–¥–∞—Ö**:\n\n**–£–ü–ù**\n- –í–ø–æ—Ä—è–¥–Ω–∏–∫ —Ä–æ—è ‚Äî –≤—ñ–¥–∑–Ω–∞–∫–∞ –ø—Ä–∏–Ω–∞–ª–µ–∂–Ω–æ—Å—Ç—ñ –¥–æ —Ä–æ—è.\n- –ì–Ω—ñ–∑–¥–æ–≤–∏–π ‚Äî –≤—ñ–¥–∑–Ω–∞–∫–∞ –ø—Ä–∏–Ω–∞–ª–µ–∂–Ω–æ—Å—Ç—ñ –¥–æ –≥–Ω—ñ–∑–¥–∞.\n- –í–ø–æ—Ä—è–¥–Ω–∏–∫ —Å–∞–º–æ—Å—Ç—ñ–π–Ω–æ–≥–æ —Ä–æ—è ‚Äî –≤—ñ–¥–∑–Ω–∞–∫–∞ —Ä–æ—è —Ä–∏–º—Å—å–∫–∏–º–∏ —á–∏—Å–ª–∞–º–∏.\n\n**–£–ü–Æ**\n- –í–ø–æ—Ä—è–¥–Ω–∏–∫ —É –≥—É—Ä—Ç–∫—É ‚Äî –≤—ñ–¥–∑–Ω–∞–∫–∞ –ø—Ä–∏–Ω–∞–ª–µ–∂–Ω–æ—Å—Ç—ñ –¥–æ –≥—É—Ä—Ç–∫–∞.\n- –ó–≤'—è–∑–∫–æ–≤–∏–π ‚Äî –≤—ñ–¥–∑–Ω–∞–∫–∞ –ø—Ä–∏–Ω–∞–ª–µ–∂–Ω–æ—Å—Ç—ñ –¥–æ –∫—É—Ä–µ–Ω—è.\n- –í–ø–æ—Ä—è–¥–Ω–∏–∫ —Å–∞–º–æ—Å—Ç—ñ–π–Ω–æ–≥–æ –≥—É—Ä—Ç–∫–∞ ‚Äî –≤—ñ–¥–∑–Ω–∞–∫–∞ –≥—É—Ä—Ç–∫–∞ —Ä–∏–º—Å—å–∫–∏–º–∏ —á–∏—Å–ª–∞–º–∏.\n\n- –ù–æ—Å–∏—Ç–∏: –ø–æ—Å–µ—Ä–µ–¥–∏–Ω—ñ –ª—ñ–≤–æ—ó –∫–∏—à–µ–Ω—ñ.\n- –°–ø—ñ–ª—å–Ω–∞ –≤—ñ–¥–∑–Ω–∞–∫–∞: –±—ñ–ª–∏–π —à–Ω—É—Ä–∏–∫.",null,FALSE
ins_educators_cadre,ins_educators,üéñÔ∏è –í—ñ–¥–∑–Ω–∞–∫–∏ –∫–∞–¥—Ä–∏ –≤–∏—Ö–æ–≤–Ω–∏–∫—ñ–≤,text,"**–í—ñ–¥–∑–Ω–∞–∫–∏ –∫–∞–¥—Ä–∏ –≤–∏—Ö–æ–≤–Ω–∏–∫—ñ–≤**:\n\n- –ö–í-1 (—Å—Ç—É–ø—ñ–Ω—å –≤–ø–æ—Ä—è–¥–Ω–∏–∫–∞) ‚Äî –æ–±–≤–µ–¥–µ–Ω–Ω—è –∑–µ–ª–µ–Ω–æ—ó –±–∞—Ä–≤–∏.\n- –ö–í-2 (—Å—Ç—É–ø—ñ–Ω—å –≥–Ω—ñ–∑–¥–æ–≤–æ–≥–æ –∞–±–æ –∑–≤'—è–∑–∫–æ–≤–æ–≥–æ) ‚Äî –æ–±–≤–µ–¥–µ–Ω–Ω—è –∑–æ–ª–æ—Ç–æ—ó –±–∞—Ä–≤–∏.\n\n- –í–∏–≥–ª—è–¥: –æ–≤–∞–ª 50—Ö25 –º–º, —Å–∏–º–≤–æ–ª –ö–í 15 –º–º —É –≤–∏—Å–æ—Ç—É –±–∞—Ä–≤–∏ —É–ª–∞–¥—É.\n- –ù–æ—Å–∏—Ç–∏: 50 –º–º –ø—ñ–¥ –≤—ñ–¥–∑–Ω–∞–∫–æ—é –≥—É—Ä—Ç–∫–∞ (–£–ü–Æ) –∞–±–æ –∫—É—Ä–µ–Ω—è (–£–°–ü/–£–ü–°).\n\n_–ü—Ä–∏–º—ñ—Ç–∫–∞:_ —è–∫—â–æ –∑–¥–æ–±—É—Ç–æ –ö–í-2, –Ω–æ—Å–∏—Ç—å—Å—è –∑–∞–º—ñ—Å—Ç—å –ö–í-1.",https://raw.githubusercontent.com/AngryBandera/PlastPravylnykBot/main/images/kadra_vyhovnykyv.png,FALSE
ins_honors,vidznaky,üèÖ –í—ñ–¥–∑–Ω–∞–∫–∏ –ø–ª–∞—Å—Ç–æ–≤–∏—Ö –≤—ñ–¥–∑–Ω–∞—á–µ–Ω—å,menu,"–û–±–µ—Ä—ñ—Ç—å —Ç–∏–ø –≤—ñ–¥–∑–Ω–∞—á–µ–Ω–Ω—è:",null,TRUE
ins_awards,ins_honors,üèÖ –í—ñ–¥–∑–Ω–∞—á–µ–Ω–Ω—è,text,"**–í—ñ–¥–∑–Ω–∞—á–µ–Ω–Ω—è**:\n\n- 4 ‚Äî –¥—É–±–æ–≤–∏–π –ª–∏—Å—Ç–æ–∫, —á–∏—Å–ª–æ 4, –∑–µ–ª–µ–Ω–µ —ñ –±—Ä—É–Ω–∞—Ç–Ω–µ –æ–±–≤–µ–¥–µ–Ω–Ω—è.\n- 3 ‚Äî —á–∏—Å–ª–æ 3, —è–≥–æ–¥–∏ –∫–∞–ª–∏–Ω–∏, —á–µ—Ä–≤–æ–Ω–µ –æ–±–≤–µ–¥–µ–Ω–Ω—è.\n- 2 ‚Äî —á–∏—Å–ª–æ 2, –≥—Ä–∏–±-–º—É—Ö–æ–º–æ—Ä, –±—ñ–ª–µ –æ–±–≤–µ–¥–µ–Ω–Ω—è.\n- 1 ‚Äî —á–∏—Å–ª–æ 1, –±–ª–∏—Å–∫–∞–≤–∫–∞, —Å–∏–Ω—î –æ–±–≤–µ–¥–µ–Ω–Ω—è.\n\n- –í–∏–≥–ª—è–¥: –ø—Ä—è–º–æ–∫—É—Ç–Ω–∏–∫ –µ–º–∞–ª—ñ –Ω–∞ –º–µ—Ç–∞–ª—ñ 19—Ö16 –º–º, —Ç–ª–æ —á–æ—Ä–Ω–µ.\n- –ù–æ—Å–∏—Ç–∏: —Å–∏–º–µ—Ç—Ä–∏—á–Ω–æ –Ω–∞–¥ –ª—ñ–≤–æ—é –∫–∏—à–µ–Ω–µ—é, —Å–ø—Ä–∞–≤–∞ –Ω–∞–ª—ñ–≤–æ —É –ø–æ—Ä—è–¥–∫—É –∑—Ä–æ—Å—Ç–∞–Ω–Ω—è.",https://raw.githubusercontent.com/AngryBandera/PlastPravylnykBot/main/images/awards.png,FALSE
ins_honors_orders,ins_honors,üéóÔ∏è –û—Ä–¥–µ–Ω–∏,text,"**–û—Ä–¥–µ–Ω–∏**:\n\n**–û—Ä–¥–µ–Ω –°–≤—è—Ç–æ–≥–æ –Æ—Ä—ñ—è** (–±—Ä–æ–Ω–∑–∞, —Å—Ä—ñ–±–ª–æ, –∑–æ–ª–æ—Ç–æ)\n- –í–∏–≥–ª—è–¥: –≤—ñ–¥–∑–Ω–∞–∫–∞ 35—Ö25 –º–º –Ω–∞ —Å—Ç—è–∂—Ü—ñ 38—Ö35 –º–º.\n- –ù–æ—Å–∏—Ç–∏: —Å–∏–º–µ—Ç—Ä–∏—á–Ω–æ –Ω–∞ –ø–∞—Ç–æ—á—Ü—ñ –ª—ñ–≤–æ—ó –≥—Ä—É–¥–Ω–æ—ó –∫–∏—à–µ–Ω—ñ.\n\n**–û—Ä–¥–µ–Ω –í—ñ—á–Ω–æ–≥–æ –í–æ–≥–Ω—é** (–±—Ä–æ–Ω–∑–∞, —Å—Ä—ñ–±–ª–æ, –∑–æ–ª–æ—Ç–æ)\n- –í–∏–≥–ª—è–¥: –º–µ—Ç–∞–ª–µ–≤–∞ –≤—ñ–¥–∑–Ω–∞–∫–∞ 35—Ö28.6 –º–º.\n- –ù–æ—Å–∏—Ç–∏: –Ω–∞ –ø–∞—Ç–æ—á—Ü—ñ –ª—ñ–≤–æ—ó –≥—Ä—É–¥–Ω–æ—ó –∫–∏—à–µ–Ω—ñ.\n\n_–ü–æ—Ä—è–¥–æ–∫:_ —Å–ø—Ä–∞–≤–∞ –Ω–∞–ª—ñ–≤–æ –≤—ñ–¥ –∑–æ–ª–æ—Ç–æ—ó –±–∞—Ä–≤–∏ –¥–æ –±—Ä–æ–Ω–∑–æ–≤–æ—ó.",https://raw.githubusercontent.com/AngryBandera/PlastPravylnykBot/main/images/ordeny.png,FALSE
ins_honors_crosses,ins_honors,‚úùÔ∏è –•—Ä–µ—Å—Ç–∏,text,"**–•—Ä–µ—Å—Ç–∏**:\n\n- –ë—Ä–æ–Ω–∑–æ–≤–∏–π —Ö—Ä–µ—Å—Ç –∑–∞ –≥–µ—Ä–æ–π—Å—å–∫–∏–π —á–∏–Ω.\n- –ü–ª–∞—Å—Ç–æ–≤–∏–π –∑–∞–ª—ñ–∑–Ω–∏–π —Ö—Ä–µ—Å—Ç.\n\n- –í–∏–≥–ª—è–¥: 43—Ö43 –º–º –Ω–∞ –≥–æ–ª—É–±—ñ–π —Å—Ç—è–∂—Ü—ñ 35—Ö38 –º–º.\n- –ù–æ—Å–∏—Ç–∏: –∑–∞ —Å—Ç—è–∂–∫—É –¥–æ –ø–∞—Ç–æ—á–∫–∏ –ª—ñ–≤–æ—ó –≥—Ä—É–¥–Ω–æ—ó –∫–∏—à–µ–Ω—ñ.\n\n_–ü—Ä–∏–º—ñ—Ç–∫–∞:_ –Ω–æ—Å—è—Ç—å—Å—è –¥–æ–≤—ñ—á–Ω–æ; –∑–∞–ª—ñ–∑–Ω–∏–π —Ö—Ä–µ—Å—Ç –Ω–æ—Å–∏—Ç—å—Å—è –ø—Ä–∞–≤–æ—Ä—É—á –≤—ñ–¥ –±—Ä–æ–Ω–∑–æ–≤–æ–≥–æ.",https://raw.githubusercontent.com/AngryBandera/PlastPravylnykBot/main/images/crosses.png,FALSE
dummy_yunak,dummies,ü¶Ö –Ø —é–Ω–∞–∫,text,"**–Ü–Ω—Å—Ç—Ä—É–∫—Ü—ñ—è –¥–ª—è —é–Ω–∞–∫–∞**:\n\n1. **–ß–∏—Å–ª–æ –∫—É—Ä–µ–Ω—è**: 13 –º–º –≤—ñ–¥ —à–≤–∞ –ø—Ä–∞–≤–æ–≥–æ –ø–ª–µ—á–∞.\n2. **–ì—É—Ä—Ç–æ–∫**: –±–µ–∑–ø–æ—Å–µ—Ä–µ–¥–Ω—å–æ –ø—ñ–¥ —á–∏—Å–ª–æ–º –∫—É—Ä–µ–Ω—è.\n3. **–ü–õ–ê–°–¢**: 13 –º–º –≤—ñ–¥ —à–≤–∞ –ª—ñ–≤–æ–≥–æ –ø–ª–µ—á–∞.\n4. **–õ—ñ–ª–µ–π–∫–∞**: 25 –º–º –Ω–∞–¥ –ª—ñ–≤–æ—é –∫–∏—à–µ–Ω–µ—é.\n5. **–°—Ç—É–ø—ñ–Ω—å**: –ø–æ—Å–µ—Ä–µ–¥ –ª—ñ–≤–æ–≥–æ —Ä—É–∫–∞–≤–∞.\n6. **–í–§–í**: –Ω–∞ –ø–∞—Ç–æ—á—Ü—ñ –ø—Ä–∞–≤–æ—ó –∫–∏—à–µ–Ω—ñ –∑ –ª—ñ–≤–æ–≥–æ –±–æ–∫—É.",null,FALSE